code,
e326d0f6ed
68b8db6971
d2519bc170
2a7d561871
499fbf47dc
fdcabffb29
0376e88fae
2b84e16ad7
4af421c963
937dec15a7
662136308f
56a5fc53ed
720ec7fa44
355faf4582
3738e24699
82e577c717
11fcf5fac3
b20be0e1a3
97b39fae1b
c1997accce
80ec26805a
88a1231e88
7a140c7865
d874ae742a
0d5c8bafbf
2b9aa17b82
9d5c4dc9f9
8e798a67ed
474d12ed5d
1afa00ca4b
55e609151b
8f96178cfc
0737db3c73
2527abae3c
7be14e434c
da84e0284a
808bf9f201
878d8af8c0
f93aa60d62
f450059414
ca49d51e67
9aab0f19f4
9f833761a8
1dfee4cf4d
7c2ddb78e5
1909ea5b9c
788b7a7df0
f50992b982
f2d4c10f55
990b7bd1e8
ac36b68845
39907784f4
a2f14c7df8
90ecb9037d
ed2ab78880
4ecfb08df9
4c08ec22f3
15dfdc6132
dddb67313d
7de54f489c
0e4e8cba2f
ed186620ad
d66086be3c
ede60e6e97
ca2be781f4
1f71e3b6f3
929fef28ff
164b337116
cc56c8172b
1670902a1c
4e94469b65
4de43ba395
5576521363
7bc96436a8
185e1b0001
6500d7fa8f
38940908ba
047ba1bd06
fc808ba418
719fd92e17
16845d04a3
bda7c11a07
c9916183b1
c82c9f4c90
c809c9c044
a381374e75
4002ca2377
d9adf97688
f22e2068b0
35594dbfe3
fa13164256
f09316bd60
f0ba6486f4
2a1ef64d56
4b66aa54df
58e933fdc9
bb7a87732c
e675a2b056
ae623cfd37
fa3a2231c4
c3938f6117
bd8d146103
8b56235857
1f71e220e5
57a548e174
7781288862
4432fc5e7c
f7564327f3
86167af2b1
8523a87be9
1fbb652205
5e4dc177e4
d699118f18
19f685b64b
c2d9dfccde
758ccb7e03
4606afe466
0779a2a1ba
66274a4562
614aab77f0
8a3d3e56b6
20e1714bc5
2d84548b2f
2c215b7cce
ae4328f219
d99653bb25
e4c0a600d3
bfb482a845
348651fea0
87e08d4fb6
f4d131fd3c
2fc5109ac4
99019e6af6
d9bffb533e
8d04e0294c
7795034725
ca9595bd07
eb5c7e4d30
0c99100d3a
a86a692c35
de6ca1a8ea
c9419aac65
7e660600eb
5f7a76886a
3d2853b502
c92edb266a
f5e6aec08f
3f8f943984
ad0671be3b
f2da4873f0
3eb34b055b
8aea02b06d
19a4b3a711
bd91111087
928870ef2c
35b6133f10
954381069e
bf5b282988
917dc32baa
7acee9d4dd
4ec9d17566
b5591542e6
3c277be48b
470245a576
52818fa864
479d41e7f5
6f555b5ed3
e7dbd29810
ee05b79974
1eae4604bb
221f8c3e38
ecdb9f9b2f
e806030458
f0ced9bcfd
c9e3a7c76a
6635f2c1ae
4274c82108
0d715b896d
8d92dc8302
bcf968a9e7
b2a8985b92
b7a9df70ab
2.11E+07
4e25cdc78b
8b5e459b48
52585af209
e18bc127bb
48db12fe87
ec0985dcf1
2a38ac67f1
cd6d19ae65
5f50705598
aabd190576
c82f994274
5308eb92be
8a22b5b713
c30bcf087d
e6c3878dc7
fed9aeee8f
0a47851046
c07127252b
0ba7e7ea6d
3339bbe7ff
50bab8789b
1718d9d796
731b38e494
0b03d13883
f87b8a731e
08d90b2852
996b02b5d2
782a74d0df
2e52861a6a
419dbd0b1d
2aa32797e4
a06aa17cdb
007d72ddfa
031df47494
8a1e1c8ee8
a09bef9729
feb61c7f03
b9f593bdf9
6fa03dec7b
d3735aa6da
7fa44518f6
e6bcb4c75d
2d6d9ab3d8
7e7d9a3262
6fa5b6ea19
6ba9fa8fc6
d3c6e0f16c
069f873c77
1fd3171025
e43ac91e5d
0d9c6e9360
6b7eea17e2
48a1249b29
2ad83a036e
ab4ff47ce9
da4d1097a9
d5250c6b5e
fd24b119ee
44a710b05b
072d767fb5
1ef22693b9
7943d328b1
c40437f878
dc996690f6
a809c2459d
ac1cf0c520
f541b3991e
aef5342e0e
6ad5877678
70deaa5128
05198f1b6e
6bd83663e1
ac4a61b908
d8d8555e6f
fad5617b14
add16f34c6
90cd76695e
9ed1c1c8ef
a81b72ab8b
c94772a4c9
0a1acc97ce
389e079f26
fe55850c9f
46314d1e4a
65b50e2176
342be8cb74
6032b34de2
133269e1a8
4073b53c4c
27681ae95d
254cde7f9d
44adbd86ad
7328509ed0
7df3c90757
0c11f08f67
c824914e52
dba88a8c38
e3b07a56e5
9954e3bb4f
03fb570995
1e65c4a7d9
e2d74439d9
f63c0725d0
8198dce3e7
9891855ffb
9483add4b9
8cd9bf8073
52d6fc8551
c06f44121b
1dcdc88344
19547bc8a7
68cc707dd8
f796789c96
ae4815841b
df2a72d69b
412d1d1534
ec2a43557c
803d17850d
b72dd77062
e07c5d22dc
cd618c151e
088a33f617
34022dabfd
34a14a69ce
2d6c94577d
da2e5a62c4
b9f11d6cbe
7c523acec6
d76acadde7
8801d72bcd
f4ce5063b2
d8994d0d77
d4b0e731a9
afef5f67ec
03517a42e1
777a4c2860
5ca7faa4e8
ed2504bde2
ebf70d9195
54b297fbb5
c06b6e6042
bcdf4eb5a6
bdf8da02a5
6.84E+58
09126e2d78
d3cc8eb759
2427e5d343
d4558cb475
0455fa74ab
52c740e0f6
b0462fd14c
760eb1cdb1
e1537805ac
cac2d36ea4
9eec0899fd
388a06acd4
f8aa8c1a53
f6fcab8c09
b28ebe91ff
c2227ad90b
b29ee4acdb
4b4da4a319
397d2e991b
08b1c18e79
34a058622f
14df69bc98
2e91aae0ac
295e800df9
18e3509629
bac8b27c05
025b6e6804
e76f4aae1b
3221ef8d83
b2f9b46732
ca8987ecad
fa1452d37e
93caa6b499
454ded1330
7df939436e
67a1b5828b
0cc9445aff
806bb2bf88
0eb02a5369
a116bac85f
38cab4f4b6
38e65c2c61
9a6cfb03ff
39d20b9e28
5c69b47950
7913381d46
0e208bb886
b70bc0ef3c
1495b137a8
73b57fdc97
9b3d08caa3
265559c2f7
1e480fa3c1
fb233bcde2
16641e0c8c
2078929aa4
88d7adaf41
ddaf896ea8
d0b14b6a9c
db67507eb1
505921e4c8
d04556efe6
861d96fb53
0c66a2ba5f
c2e9e70d57
d3bb76a30a
c42cd7a4ad
dd5947e190
9d8862bbf7
e8ae01f38b
9652c6dcb3
ede574e422
70759018d5
